<?xml version="1.0" encoding="us-ascii"?>
<PublicationsLicenseExpression xmlns:oxf="http://www.orbeon.com/oxf/processors"
                               xmlns="http://www.editeur.org/onix-pl"
                               xmlns:ev="http://www.w3.org/2001/xml-events"
                               xmlns:onix="http://www.editeur.org/onix-pl"
                               xmlns:xforms="http://www.w3.org/2002/xforms"
                               xmlns:ople="http://www.editeur.org/ople"
                               xmlns:p="http://www.orbeon.com/oxf/pipeline"
                               xmlns:saxon="http://saxon.sf.net/"
                               xmlns:context="java:org.orbeon.oxf.pipeline.StaticExternalContext"
                               xmlns:xs="http://www.w3.org/2001/XMLSchema"
                               xmlns:exist="http://exist.sourceforge.net/NS/exist"
                               xmlns:xxforms="http://orbeon.org/oxf/xml/xforms"
                               datestamp="20120205T143828Z"
                               sourcename="OPLE V1.0 Build 1.2.0"
                               version="1.0">
    <ExpressionDetail>
        <ExpressionType>onixPL:LicenseTemplate</ExpressionType>
        <ExpressionStatus>onixPL:Draft</ExpressionStatus>
    </ExpressionDetail>
    <LicenseDetail>
        <Description>  	 JISC Collections/NESLi2 Lic/Annual Reviews/Annual Reviews NESLi2 2012-2014/01012012-31122014</Description>
        <LicenseStatus>onixPL:Template</LicenseStatus>
        <LicenseRenewalType>onixPL:NonRenewable</LicenseRenewalType>
        <LicenseDocument>
            <LicenseDocumentType>onixPL:LicenseMainTerms</LicenseDocumentType>
            <DocumentLabel>License</DocumentLabel>
        </LicenseDocument>
        <LicenseDocument>
            <LicenseDocumentType>onixPL:LicenseSchedule</LicenseDocumentType>
            <DocumentLabel>Schedule3</DocumentLabel>
        </LicenseDocument>
        <OtherDocumentReference>
            <ReferenceRelator>onixPL:DerivedFromModel</ReferenceRelator>
            <DocumentLabel>JISCCollectionsNESLi2Licence2012 </DocumentLabel>
        </OtherDocumentReference>
        <LicenseRelatedAgent>
            <LicenseAgentRelator>onixPL:Licensor</LicenseAgentRelator>
            <RelatedAgent>Licensor</RelatedAgent>
        </LicenseRelatedAgent>
        <LicenseRelatedAgent>
            <LicenseAgentRelator>onixPL:Licensee</LicenseAgentRelator>
            <RelatedAgent>Licensee</RelatedAgent>
        </LicenseRelatedAgent>
        <LicenseRelatedAgent>
            <LicenseAgentRelator>onixPL:AuthorizedUsers</LicenseAgentRelator>
            <RelatedAgent>AuthorizedUser</RelatedAgent>
        </LicenseRelatedAgent>
        <LicenseRelatedResource>
            <LicenseResourceRelator>onixPL:LicensedContent</LicenseResourceRelator>
            <RelatedResource>LicensedContent</RelatedResource>
        </LicenseRelatedResource>
        <LicenseRelatedTimePoint>
            <LicenseTimePointRelator>onixPL:LicenseStartDate</LicenseTimePointRelator>
            <RelatedTimePoint>LicenseStartDate</RelatedTimePoint>
        </LicenseRelatedTimePoint>
        <LicenseRelatedTimePoint>
            <LicenseTimePointRelator>onixPL:LicenseEndDate</LicenseTimePointRelator>
            <RelatedTimePoint>LicenseEndDate</RelatedTimePoint>
        </LicenseRelatedTimePoint>
        <LicenseRelatedPlace>
            <LicensePlaceRelator>onixPL:PlaceOfGoverningLaw</LicensePlaceRelator>
            <RelatedPlace>PlaceOfGoverningLaw</RelatedPlace>
        </LicenseRelatedPlace>
        <LicenseRelatedPlace>
            <LicensePlaceRelator>onixPL:PlaceOfJurisdiction</LicensePlaceRelator>
            <RelatedPlace>PlaceOfJurisdiction</RelatedPlace>
        </LicenseRelatedPlace>
    </LicenseDetail>
    <Definitions>
        <AgentDefinition>
            <AgentLabel>Publisher</AgentLabel>
            <AgentType>onixPL:Organization</AgentType>
            <AgentName>
                <Name>Annual Reviews</Name>
            </AgentName>
            <LicenseTextLink href="Ex0003"/>
            <AgentRelatedPlace>
                <AgentPlaceRelator>onixPL:PlaceOfCorporateRegistration</AgentPlaceRelator>
                <RelatedPlace>LicensorPlaceOfCorporateRegistration</RelatedPlace>
            </AgentRelatedPlace>
            <AgentRelatedPlace>
                <AgentPlaceRelator>onixPL:RegisteredAddress</AgentPlaceRelator>
                <RelatedPlace>LicensorRegisteredAddress</RelatedPlace>
            </AgentRelatedPlace>
            <AgentRelatedPlace>
                <AgentPlaceRelator>onixPL:PrincipalPlaceOfBusiness</AgentPlaceRelator>
                <RelatedPlace>LicensorPrincipalPlaceOfBusiness</RelatedPlace>
            </AgentRelatedPlace>
        </AgentDefinition>
        <AgentDefinition>
            <AgentLabel>Licensee</AgentLabel>
            <AgentType>onixPL:Organization</AgentType>
            <AgentName>
                <Name>[Name of licensee]</Name>
            </AgentName>
            <LicenseTextLink href="Ex0002"/>
            <AgentRelatedPlace>
                <AgentPlaceRelator>onixPL:PrincipalPlaceOfBusiness</AgentPlaceRelator>
                <RelatedPlace>LicenseePrincipalPlaceOfBusiness</RelatedPlace>
            </AgentRelatedPlace>
        </AgentDefinition>
        <AgentDefinition>
            <AgentLabel>AuthorizedUser</AgentLabel>
            <AgentType>onixPL:Person</AgentType>
            <Annotation>
                <AnnotationType>onixPL:VariationsFromModel</AnnotationType>
                <AnnotationText>Note that no provision is made in this licence for access by external teachers or librarians who offer support to Authorised Users at the request of the Institution.</AnnotationText>
            </Annotation>
            <LicenseTextLink href="Ex010101"/>
            <AgentRelatedAgent>
                <AgentAgentRelator>onixPL:IsAnyOf</AgentAgentRelator>
                <RelatedAgent>onixPL:LicenseeStudent</RelatedAgent>
                <RelatedAgent>onixPL:LicenseeStaff</RelatedAgent>
                <RelatedAgent>onixPL:LicenseeRetiredStaff</RelatedAgent>
                <RelatedAgent>onixPL:ExternalTeacher</RelatedAgent>
                <RelatedAgent>onixPL:LicenseeContractorStaff</RelatedAgent>
                <RelatedAgent>onixPL:WalkInUser</RelatedAgent>
            </AgentRelatedAgent>
        </AgentDefinition>
        <ResourceDefinition>
            <ResourceLabel>LicensedContent</ResourceLabel>
            <Description>The complete content offered by the publisher as part of [product name] comprising material to which the licensee subscribes individually as listed in Schedule 2 together with supplementary material purchased as a package.</Description>
            <LicenseTextLink href="Ex010106"/>
        </ResourceDefinition>
        <ResourceDefinition>
            <ResourceLabel>AcknowledgmentOfSource</ResourceLabel>
            <Annotation>
                <AnnotationType>onixPL:AcknowledgmentToInclude</AnnotationType>
                <AnnotationText>Title and copyright owner</AnnotationText>
            </Annotation>
        </ResourceDefinition>
        <TimePointDefinition>
            <TimePointLabel>LicenseStartDate</TimePointLabel>
            <TimePointIdentifier>
                <TimePointIDType>onixPL:YYYYMMDD</TimePointIDType>
                <IDValue>20120101</IDValue>
            </TimePointIdentifier>
            <LicenseTextLink href="d1e108d1e168920110930T091749.921Z"/>
            <LicenseTextLink href="Ex0801"/>
        </TimePointDefinition>
        <TimePointDefinition>
            <TimePointLabel>LicenseEndDate</TimePointLabel>
            <TimePointIdentifier>
                <TimePointIDType>onixPL:YYYYMMDD</TimePointIDType>
                <IDValue>20141231</IDValue>
            </TimePointIdentifier>
            <LicenseTextLink href="d1e108d1e168920110930T091749.921Z"/>
            <LicenseTextLink href="Ex0801"/>
        </TimePointDefinition>
        <PlaceDefinition>
            <PlaceLabel>PlaceOfGoverningLaw</PlaceLabel>
            <PlaceIdentifier>
                <PlaceIDType>onixPL:LocationCode</PlaceIDType>
                <IDValue>GB-ENG</IDValue>
            </PlaceIdentifier>
            <PlaceName>
                <Name>England</Name>
            </PlaceName>
            <LicenseTextLink href="Ex1301"/>
        </PlaceDefinition>
        <PlaceDefinition>
            <PlaceLabel>PlaceOfJurisdiction</PlaceLabel>
            <PlaceIdentifier>
                <PlaceIDType>onixPL:LocationCode</PlaceIDType>
                <IDValue>GB-ENG</IDValue>
            </PlaceIdentifier>
            <PlaceName>
                <Name>England</Name>
            </PlaceName>
            <LicenseTextLink href="Ex1301"/>
        </PlaceDefinition>
        <PlaceDefinition>
            <PlaceLabel>LicensorRegisteredAddress</PlaceLabel>
            <PlaceName>
                <PlaceNameType>onixPL:AddressAsFreeText</PlaceNameType>
                <Name>4139 Camino Way, Palo Alto, CA 94303, USA</Name>
            </PlaceName>
            <LicenseTextLink href="Ex0003"/>
        </PlaceDefinition>
        <PlaceDefinition>
            <PlaceLabel>LicensorAddressForNotices</PlaceLabel>
            <PlaceName>
                <PlaceNameType>onixPL:AddressAsFreeText</PlaceNameType>
                <Name>4139 Camino Way, Palo Alto, CA 94303, USA</Name>
            </PlaceName>
            <LicenseTextLink href="Ex140100"/>
            <LicenseTextLink href="Ex140102"/>
        </PlaceDefinition>
        <PlaceDefinition>
            <PlaceLabel>LicenseeRegisteredAddress</PlaceLabel>
            <PlaceName>
                <PlaceNameType>onixPL:AddressAsFreeText</PlaceNameType>
                <Name>[Address]</Name>
            </PlaceName>
        </PlaceDefinition>
        <PlaceDefinition>
            <PlaceLabel>LicenseePrincipalPlaceOfBusiness</PlaceLabel>
            <PlaceName>
                <PlaceNameType>onixPL:AddressAsFreeText</PlaceNameType>
                <Name>[Address]</Name>
            </PlaceName>
        </PlaceDefinition>
        <PlaceDefinition>
            <PlaceLabel>LicenseeAddressForNotices</PlaceLabel>
            <PlaceName>
                <PlaceNameType>onixPL:AddressAsFreeText</PlaceNameType>
                <Name>[Address]</Name>
            </PlaceName>
        </PlaceDefinition>
        <DocumentDefinition>
            <DocumentLabel>License</DocumentLabel>
            <DocumentType>onixPL:Document</DocumentType>
            <Description>  	 JISC Collections/NESLi2 Lic/Annual Reviews/Annual Reviews Collections NESLi2 2012-2014/01012012-31122014</Description>
        </DocumentDefinition>
        <DocumentDefinition>
            <DocumentLabel>Schedule3</DocumentLabel>
            <DocumentType>onixPL:Document</DocumentType>
            <Description>Schedule of industry standards with which the publisher is required to comply.</Description>
        </DocumentDefinition>
        <DocumentDefinition>
            <DocumentLabel>JISCCollectionsNESLi2Licence2012 </DocumentLabel>
            <DocumentType>onixPL:Document</DocumentType>
            <Description>JISC Collections NESLi2 Licence 2012 </Description>
        </DocumentDefinition>
    </Definitions>
    <LicenseGrant>
        <LicenseGrantType>onixPL:NonExclusive</LicenseGrantType>
        <LicenseTextLink href="Ex0201"/>
        <LicenseTextLink href="Ex010103"/>
        <LicenseGrantPurpose>onixPL:AcademicUse</LicenseGrantPurpose>
    </LicenseGrant>
    <UsageTerms>
        <Usage>
            <UsageType>onixPL:ProvideIntegratedAccess</UsageType>
            <UsageStatus>onixPL:Permitted</UsageStatus>
            <LicenseTextLink href="Ex030101"/>
            <User>onixPL:Licensee</User>
            <UsedResource>onixPL:LicensedContent</UsedResource>
        </Usage>
        <Usage>
            <UsageType>onixPL:ProvideIntegratedIndex</UsageType>
            <UsageStatus>onixPL:Permitted</UsageStatus>
            <LicenseTextLink href="Ex030101"/>
            <User>onixPL:Licensee</User>
            <UsedResource>onixPL:LicensedContent</UsedResource>
        </Usage>
        <Usage>
            <UsageType>onixPL:Access</UsageType>
            <UsageStatus>onixPL:Permitted</UsageStatus>
            <LicenseTextLink href="Ex03010304"/>
            <LicenseTextLink href="d1e108d1e168920110930T091546.781Z"/>
            <User>onixPL:AuthorizedUser</User>
            <UsedResource>onixPL:LicensedContent</UsedResource>
            <UsageMethod>onixPL:SecureAuthentication</UsageMethod>
        </Usage>
        <Usage>
            <UsageType>onixPL:MakeDigitalCopy</UsageType>
            <UsageStatus>onixPL:Permitted</UsageStatus>
            <LicenseTextLink href="Ex03010305"/>
            <User>onixPL:AuthorizedUser</User>
            <UsedResource>onixPL:LicensedContentPart</UsedResource>
        </Usage>
        <Usage>
            <UsageType>onixPL:PrintCopy</UsageType>
            <UsageStatus>onixPL:Permitted</UsageStatus>
            <LicenseTextLink href="Ex03010306"/>
            <User>onixPL:AuthorizedUser</User>
            <UsedResource>onixPL:LicensedContentPart</UsedResource>
            <UsageQuantity>
                <UsageQuantityType>onixPL:NumberOfCopiesPermitted</UsageQuantityType>
                <QuantityDetail>
                    <Proximity>onixPL:NotMoreThan</Proximity>
                    <Value>1</Value>
                    <QuantityUnit>onixPL:Copies</QuantityUnit>
                </QuantityDetail>
            </UsageQuantity>
        </Usage>
        <Usage>
            <UsageType>onixPL:Include</UsageType>
            <UsageStatus>onixPL:Permitted</UsageStatus>
            <Annotation>
                <AnnotationType>onixPL:VariationsFromModel</AnnotationType>
                <AnnotationText>This agreement does not permit the inclusion of parts of licensed material in printed course packs.</AnnotationText>
            </Annotation>
            <LicenseTextLink href="Ex03010307"/>
            <LicenseTextLink href="d1e108d1e168920110930T091633.656Z"/>
            <User>onixPL:AuthorizedUser</User>
            <UsedResource>onixPL:LicensedContentPart</UsedResource>
            <UsageRelatedResource>
                <UsageResourceRelator>onixPL:TargetResource</UsageResourceRelator>
                <RelatedResource>onixPL:DigitalInstructionalMaterial</RelatedResource>
                <RelatedResource>onixPL:SpecialNeedsInstructionalMaterial</RelatedResource>
            </UsageRelatedResource>
            <UsageRelatedResource>
                <UsageResourceRelator>onixPL:MustInclude</UsageResourceRelator>
                <RelatedResource>AcknowledgmentOfSource</RelatedResource>
            </UsageRelatedResource>
        </Usage>
        <Usage>
            <UsageType>onixPL:Include</UsageType>
            <UsageStatus>onixPL:Permitted</UsageStatus>
            <Annotation>
                <AnnotationType>onixPL:VariationsFromModel</AnnotationType>
                <AnnotationText>This agreement does not permit the inclusion of parts of licensed material in printed Academic Works.</AnnotationText>
            </Annotation>
            <LicenseTextLink href="Ex03010308"/>
            <User>onixPL:AuthorizedUser</User>
            <UsedResource>onixPL:LicensedContentPart</UsedResource>
            <UsageRelatedResource>
                <UsageResourceRelator>onixPL:TargetResource</UsageResourceRelator>
                <RelatedResource>onixPL:AcademicWork</RelatedResource>
            </UsageRelatedResource>
            <UsageRelatedResource>
                <UsageResourceRelator>onixPL:MustInclude</UsageResourceRelator>
                <RelatedResource>AcknowledgmentOfSource</RelatedResource>
            </UsageRelatedResource>
        </Usage>
        <Usage>
            <UsageType>onixPL:SupplyCopy</UsageType>
            <UsageStatus>onixPL:Permitted</UsageStatus>
            <LicenseTextLink href="Ex030102"/>
            <User>onixPL:AuthorizedUser</User>
            <UsedResource>onixPL:LicensedContentPart</UsedResource>
            <UsageMethod>onixPL:Post</UsageMethod>
            <UsageMethod>onixPL:Fax</UsageMethod>
            <UsageMethod>onixPL:SecureElectronicTransmission</UsageMethod>
            <UsageQuantity>
                <UsageQuantityType>onixPL:NumberOfCopiesPermitted</UsageQuantityType>
                <QuantityDetail>
                    <Proximity>onixPL:NotMoreThan</Proximity>
                    <Value>1</Value>
                    <QuantityUnit>onixPL:Copies</QuantityUnit>
                </QuantityDetail>
            </UsageQuantity>
            <UsageRelatedAgent>
                <UsageAgentRelator>onixPL:ReceivingAgent</UsageAgentRelator>
                <RelatedAgent>onixPL:ThirdPartyLibrary</RelatedAgent>
            </UsageRelatedAgent>
            <UsageRelatedPlace>
                <UsagePlaceRelator>onixPL:PlaceOfReceivingAgent</UsagePlaceRelator>
                <RelatedPlace>onixPL:CountryOfLicensee</RelatedPlace>
            </UsageRelatedPlace>
        </Usage>
        <Usage>
            <UsageType>onixPL:SupplyCopy</UsageType>
            <UsageStatus>onixPL:Permitted</UsageStatus>
            <LicenseTextLink href="Ex03010300"/>
            <User>onixPL:AuthorizedUser</User>
            <UsedResource>onixPL:LicensedContentPart</UsedResource>
            <UsageQuantity>
                <UsageQuantityType>onixPL:NumberOfCopiesPermitted</UsageQuantityType>
                <QuantityDetail>
                    <Proximity>onixPL:NotMoreThan</Proximity>
                    <Value>1</Value>
                    <QuantityUnit>onixPL:Copies</QuantityUnit>
                </QuantityDetail>
            </UsageQuantity>
            <UsageRelatedAgent>
                <UsageAgentRelator>onixPL:ReceivingAgent</UsageAgentRelator>
                <RelatedAgent>onixPL:AuthorizedUser</RelatedAgent>
            </UsageRelatedAgent>
        </Usage>
        <Usage>
            <UsageType>onixPL:Use</UsageType>
            <UsageStatus>onixPL:Permitted</UsageStatus>
            <LicenseTextLink href="Ex03010301"/>
            <User>onixPL:AuthorizedUser</User>
            <UsedResource>onixPL:LicensedContentPart</UsedResource>
            <UsagePurpose>onixPL:PromotingLicensedContent</UsagePurpose>
            <UsagePurpose>onixPL:TestingLicensedContent</UsagePurpose>
            <UsagePurpose>onixPL:TrainingAuthorizedUsers</UsagePurpose>
        </Usage>
        <Usage>
            <UsageType>onixPL:Include</UsageType>
            <UsageStatus>onixPL:Permitted</UsageStatus>
            <LicenseTextLink href="Ex03010309"/>
            <User>onixPL:AuthorizedUser</User>
            <UsedResource>onixPL:LicensedContentPart</UsedResource>
            <UsageRelatedResource>
                <UsageResourceRelator>onixPL:TargetResource</UsageResourceRelator>
                <RelatedResource>onixPL:MaterialForPresentation</RelatedResource>
            </UsageRelatedResource>
        </Usage>
        <Usage>
            <UsageType>onixPL:Copy</UsageType>
            <UsageStatus>onixPL:Permitted</UsageStatus>
            <LicenseTextLink href="Ex03010302"/>
            <User>onixPL:AuthorizedUser</User>
            <UsedResource>onixPL:TrainingMaterial</UsedResource>
            <UsagePurpose>onixPL:TrainingAuthorizedUsers</UsagePurpose>
        </Usage>
        <Usage>
            <UsageType>onixPL:DepositInPerpetuity</UsageType>
            <UsageStatus>onixPL:Permitted</UsageStatus>
            <Annotation>
                <AnnotationType>onixPL:SpecialConditions</AnnotationType>
                <AnnotationText>This agreement permits the deposit only of parts of the licensed material in perpetuity, and not entire articles. Access may be granted only to Authorized Users.</AnnotationText>
            </Annotation>
            <LicenseTextLink href="Ex03010310"/>
            <LicenseTextLink href="d1e108d1e168920110930T091633.656Z"/>
            <User>onixPL:AuthorizedUser</User>
            <UsedResource>onixPL:LicensedContentPart</UsedResource>
            <UsageCondition>onixPL:SubjectToVolumeLimit</UsageCondition>
            <UsageRelatedPlace>
                <UsagePlaceRelator>onixPL:PlaceOfDeposit</UsagePlaceRelator>
                <RelatedPlace>onixPL:LicenseeSecureRepository</RelatedPlace>
                <RelatedPlace>onixPL:AuthorizedUserSecureRepository</RelatedPlace>
            </UsageRelatedPlace>
        </Usage>
        <Usage>
            <UsageType>onixPL:DepositInPerpetuity</UsageType>
            <UsageStatus>onixPL:Prohibited</UsageStatus>
            <Annotation>
                <AnnotationType>onixPL:SpecialConditions</AnnotationType>
                <AnnotationText>This agreement prohibits the deposit in perpetuity of entire articles from the licensed work.</AnnotationText>
            </Annotation>
            <LicenseTextLink href="Ex03010310"/>
            <LicenseTextLink href="d1e108d1e168920110930T091633.656Z"/>
            <User>onixPL:AuthorizedUser</User>
            <UsedResource>onixPL:CompleteArticle</UsedResource>
            <UsageRelatedPlace>
                <UsagePlaceRelator>onixPL:PlaceOfDeposit</UsagePlaceRelator>
                <RelatedPlace>onixPL:AuthorizedUserSecureRepository</RelatedPlace>
                <RelatedPlace>onixPL:LicenseeSecureRepository</RelatedPlace>
            </UsageRelatedPlace>
        </Usage>
        <Usage>
            <UsageType>onixPL:UseForDataMining</UsageType>
            <UsageStatus>onixPL:Permitted</UsageStatus>
            <Annotation>
                <AnnotationType>onixPL:VariationsFromModel</AnnotationType>
                <AnnotationText>Publisher has strengthened the wording of the clause relating to data mining, and the use and retention of the data derived.</AnnotationText>
            </Annotation>
            <LicenseTextLink href="Ex03010311"/>
            <User>onixPL:AuthorizedUser</User>
            <UsedResource>onixPL:LicensedContent</UsedResource>
            <UsagePurpose>onixPL:AcademicUse</UsagePurpose>
            <UsageCondition>onixPL:SubjectToFairUse</UsageCondition>
            <UsageCondition>onixPL:DestructionOfUsedResourceAfterUse</UsageCondition>
            <UsageQuantity>
                <UsageQuantityType>onixPL:RetentionPeriodForUsedResource</UsageQuantityType>
                <QuantityDetail>
                    <Proximity>onixPL:NotMoreThan</Proximity>
                    <Value>12</Value>
                    <QuantityUnit>onixPL:Months</QuantityUnit>
                </QuantityDetail>
            </UsageQuantity>
        </Usage>
        <Usage>
            <UsageType>onixPL:Sell</UsageType>
            <UsageStatus>onixPL:Prohibited</UsageStatus>
            <LicenseTextLink href="Ex040101"/>
            <User>onixPL:Licensee</User>
            <User>onixPL:AuthorizedUser</User>
            <UsedResource>onixPL:LicensedContent</UsedResource>
        </Usage>
        <Usage>
            <UsageType>onixPL:RemoveObscureOrModify</UsageType>
            <UsageStatus>onixPL:Prohibited</UsageStatus>
            <LicenseTextLink href="Ex040102"/>
            <User>onixPL:Licensee</User>
            <User>onixPL:AuthorizedUser</User>
            <UsedResource>onixPL:CopyrightNoticesOrDisclaimers</UsedResource>
        </Usage>
        <Usage>
            <UsageType>onixPL:Modify</UsageType>
            <UsageStatus>onixPL:Prohibited</UsageStatus>
            <LicenseTextLink href="Ex040103"/>
            <User>onixPL:Licensee</User>
            <User>onixPL:AuthorizedUser</User>
            <UsedResource>onixPL:LicensedContent</UsedResource>
            <UsageException>
                <UsageExceptionType>onixPL:ExceptAsPermitted</UsageExceptionType>
            </UsageException>
        </Usage>
        <Usage>
            <UsageType>onixPL:MakeAvailable</UsageType>
            <UsageStatus>onixPL:Prohibited</UsageStatus>
            <LicenseTextLink href="Ex040104"/>
            <User>onixPL:Licensee</User>
            <User>onixPL:AuthorizedUser</User>
            <UsedResource>onixPL:LicensedContent</UsedResource>
            <UsageException>
                <UsageExceptionType>onixPL:ExceptOnSecureNetwork</UsageExceptionType>
            </UsageException>
            <UsageException>
                <UsageExceptionType>onixPL:ExceptAsPermitted</UsageExceptionType>
            </UsageException>
        </Usage>
        <Usage>
            <UsageType>onixPL:Use</UsageType>
            <UsageStatus>onixPL:Prohibited</UsageStatus>
            <LicenseTextLink href="Ex040105"/>
            <LicenseTextLink href="Ex010102"/>
            <User>onixPL:Licensee</User>
            <User>onixPL:AuthorizedUser</User>
            <UsedResource>onixPL:LicensedContent</UsedResource>
            <UsagePurpose>onixPL:CommercialUse</UsagePurpose>
            <UsagePurpose>onixPL:NonAcademicUse</UsagePurpose>
        </Usage>
        <Usage>
            <UsageType>onixPL:MakeAvailable</UsageType>
            <UsageStatus>onixPL:Prohibited</UsageStatus>
            <LicenseTextLink href="d1e108d1e168920110930T095833.531Z"/>
            <User>onixPL:Licensee</User>
            <User>onixPL:AuthorizedUser</User>
            <UsedResource>onixPL:LicensedContent</UsedResource>
            <UsageException>
                <UsageExceptionType>onixPL:ExceptAsPermitted</UsageExceptionType>
            </UsageException>
            <UsageRelatedAgent>
                <UsageAgentRelator>onixPL:ReceivingAgent</UsageAgentRelator>
                <RelatedAgent>onixPL:ThirdParty</RelatedAgent>
            </UsageRelatedAgent>
        </Usage>
    </UsageTerms>
    <SupplyTerms>
        <SupplyTerm>
            <SupplyTermType>onixPL:StartOfService</SupplyTermType>
            <LicenseTextLink href="Ex050101"/>
            <SupplyTermRelatedTimePoint>
                <SupplyTermTimePointRelator>onixPL:SupplyStartDate</SupplyTermTimePointRelator>
                <RelatedTimePoint>LicenseStartDate</RelatedTimePoint>
            </SupplyTermRelatedTimePoint>
        </SupplyTerm>
        <SupplyTerm>
            <SupplyTermType>onixPL:ServicePerformance</SupplyTermType>
            <LicenseTextLink href="Ex050102"/>
            <LicenseTextLink href="Ex050104"/>
        </SupplyTerm>
        <SupplyTerm>
            <SupplyTermType>onixPL:UserSupport</SupplyTermType>
            <Annotation>
                <AnnotationType>onixPL:VariationsFromModel</AnnotationType>
                <AnnotationText>Publisher has inserted restrictions to its commitment to repond to email enquiries within 24 hours of receipt.</AnnotationText>
            </Annotation>
            <LicenseTextLink href="Ex050103"/>
        </SupplyTerm>
        <SupplyTerm>
            <SupplyTermType>onixPL:ProductDocumentation</SupplyTermType>
            <LicenseTextLink href="Ex050105"/>
        </SupplyTerm>
        <SupplyTerm>
            <SupplyTermType>onixPL:ComplianceWithOpenURLStandard</SupplyTermType>
            <LicenseTextLink href="Ex050106"/>
            <LicenseTextLink href="d1e108d1e168920111122T115613.104Z"/>
        </SupplyTerm>
        <SupplyTerm>
            <SupplyTermType>onixPL:ComplianceWithAccessibilityStandards</SupplyTermType>
            <LicenseTextLink href="Ex050106"/>
            <LicenseTextLink href="d1e108d1e168920111122T115530.844Z"/>
        </SupplyTerm>
        <SupplyTerm>
            <SupplyTermType>onixPL:UsageStatistics</SupplyTermType>
            <LicenseTextLink href="Ex050106"/>
            <LicenseTextLink href="d1e108d1e168920111122T115233.719Z"/>
            <LicenseTextLink href="d1e108d1e168920111122T115319.442Z"/>
            <LicenseTextLink href="Ex050107"/>
        </SupplyTerm>
        <SupplyTerm>
            <SupplyTermType>onixPL:ChangesToLicensedContent</SupplyTermType>
            <LicenseTextLink href="Ex0502"/>
            <LicenseTextLink href="Ex1002"/>
        </SupplyTerm>
        <SupplyTerm>
            <SupplyTermType>onixPL:ComplianceWithProjectTransferCode</SupplyTermType>
            <LicenseTextLink href="Ex050106"/>
            <LicenseTextLink href="d1e108d1e168920111122T120042.486Z"/>
        </SupplyTerm>
        <SupplyTerm>
            <SupplyTermType>onixPL:MetadataSupply</SupplyTermType>
            <LicenseTextLink href="Ex050106"/>
            <LicenseTextLink href="d1e108d1e168920111122T115810.778Z"/>
            <LicenseTextLink href="d1e108d1e168920111122T115849.85Z"/>
            <LicenseTextLink href="d1e108d1e168920111122T120042.486Z"/>
        </SupplyTerm>
    </SupplyTerms>
    <ContinuingAccessTerms>
        <ContinuingAccessTerm>
            <ContinuingAccessTermType>onixPL:ContinuingAccess</ContinuingAccessTermType>
            <Annotation>
                <AnnotationType>onixPL:VariationsFromModel</AnnotationType>
                <AnnotationText>Publisher will not supply archival copies of licensed material to the institution for local hosting.</AnnotationText>
            </Annotation>
            <Annotation>
                <AnnotationType>onixPL:VariationsFromModel</AnnotationType>
                <AnnotationText>Publisher will not supply archival copies of licensed material to a central archiving facility operated on behalf of the UK HE/FE community.</AnnotationText>
            </Annotation>
            <LicenseTextLink href="Ex0804"/>
            <LicenseTextLink href="Ex0806"/>
            <LicenseTextLink href="Ex0807"/>
        </ContinuingAccessTerm>
        <ContinuingAccessTerm>
            <ContinuingAccessTermType>onixPL:ArchiveCopy</ContinuingAccessTermType>
            <Annotation>
                <AnnotationType>onixPL:VariationsFromModel</AnnotationType>
                <AnnotationText>Publisher will not supply archival copies of licensed material to the institution for local hosting.</AnnotationText>
            </Annotation>
            <Annotation>
                <AnnotationType>onixPL:VariationsFromModel</AnnotationType>
                <AnnotationText>Publisher will not supply archival copies of licensed material to a central archiving facility operated on behalf of the UK HE/FE community.</AnnotationText>
            </Annotation>
            <LicenseTextLink href="d1e108d1e168920111122T115416.554Z"/>
            <LicenseTextLink href="Ex0804"/>
            <LicenseTextLink href="Ex0805"/>
            <LicenseTextLink href="Ex0806"/>
            <LicenseTextLink href="Ex0807"/>
        </ContinuingAccessTerm>
    </ContinuingAccessTerms>
    <PaymentTerms>
        <PaymentTerm>
            <PaymentTermType>onixPL:PaymentConditions</PaymentTermType>
            <LicenseTextLink href="Ex0202"/>
            <LicenseTextLink href="Ex010104"/>
            <LicenseTextLink href="d1e108d1e168920090324T200909.14Z"/>
            <LicenseTextLink href="Ex0701"/>
            <LicenseTextLink href="Ex0702"/>
        </PaymentTerm>
    </PaymentTerms>
    <GeneralTerms>
        <GeneralTerm>
            <GeneralTermType>onixPL:StatutoryRightsAffirmation</GeneralTermType>
            <LicenseTextLink href="Ex0302"/>
        </GeneralTerm>
        <GeneralTerm>
            <GeneralTermType>onixPL:TermsSurvivingTermination</GeneralTermType>
            <LicenseTextLink href="Ex0402"/>
        </GeneralTerm>
        <GeneralTerm>
            <GeneralTermType>onixPL:PreventionOfMisuse</GeneralTermType>
            <LicenseTextLink href="Ex060101"/>
            <LicenseTextLink href="Ex060103"/>
            <LicenseTextLink href="Ex0602"/>
        </GeneralTerm>
        <GeneralTerm>
            <GeneralTermType>onixPL:NotificationOfLicenseeIPAddresses</GeneralTermType>
            <LicenseTextLink href="Ex060102"/>
        </GeneralTerm>
        <GeneralTerm>
            <GeneralTermType>onixPL:NotificationOfTermsToAuthorizedUsers</GeneralTermType>
            <LicenseTextLink href="Ex060104"/>
        </GeneralTerm>
        <GeneralTerm>
            <GeneralTermType>onixPL:NotificationOfMisuse</GeneralTermType>
            <LicenseTextLink href="Ex060105"/>
        </GeneralTerm>
        <GeneralTerm>
            <GeneralTermType>onixPL:ActionAgainstMisuse</GeneralTermType>
            <LicenseTextLink href="Ex060105"/>
        </GeneralTerm>
        <GeneralTerm>
            <GeneralTermType>onixPL:TermOfAgreement</GeneralTermType>
            <LicenseTextLink href="Ex0801"/>
            <LicenseTextLink href="d1e108d1e168920110930T091749.921Z"/>
        </GeneralTerm>
        <GeneralTerm>
            <GeneralTermType>onixPL:FundingContingency</GeneralTermType>
            <TermStatus>onixPL:Silent</TermStatus>
            <Annotation>
                <AnnotationType>onixPL:VariationsFromModel</AnnotationType>
                <AnnotationText>Publisher makes no provision for termination of this Agreement in the event of insufficient funds being provided or allotted in the library budget. The institution does have the right, however, to terminate the Agreement on the anniversary of the starting date, provided sufficient notice is given.</AnnotationText>
            </Annotation>
            <LicenseTextLink href="d1e108d1e168920100423T140402.938Z"/>
        </GeneralTerm>
        <GeneralTerm>
            <GeneralTermType>onixPL:TerminationByBreach</GeneralTermType>
            <LicenseTextLink href="Ex0802"/>
            <LicenseTextLink href="Ex0803"/>
            <LicenseTextLink href="Ex0809"/>
            <GeneralTermQuantity>
                <GeneralTermQuantityType>onixPL:NoticePeriodForTerminationByBreach</GeneralTermQuantityType>
                <QuantityDetail>
                    <Proximity>onixPL:Exactly</Proximity>
                    <Value>30</Value>
                    <QuantityUnit>onixPL:Days</QuantityUnit>
                </QuantityDetail>
            </GeneralTermQuantity>
            <GeneralTermQuantity>
                <GeneralTermQuantityType>onixPL:PeriodForCureOfBreach</GeneralTermQuantityType>
                <QuantityDetail>
                    <Proximity>onixPL:NotMoreThan</Proximity>
                    <Value>30</Value>
                    <QuantityUnit>onixPL:Days</QuantityUnit>
                </QuantityDetail>
            </GeneralTermQuantity>
        </GeneralTerm>
        <GeneralTerm>
            <GeneralTermType>onixPL:IntellectualPropertyRights</GeneralTermType>
            <LicenseTextLink href="Ex0901"/>
        </GeneralTerm>
        <GeneralTerm>
            <GeneralTermType>onixPL:LicensorIntellectualPropertyWarranty</GeneralTermType>
            <LicenseTextLink href="Ex1001"/>
        </GeneralTerm>
        <GeneralTerm>
            <GeneralTermType>onixPL:LicensorIndemnity</GeneralTermType>
            <LicenseTextLink href="Ex1001"/>
        </GeneralTerm>
        <GeneralTerm>
            <GeneralTermType>onixPL:LicensorWarrantyDisclaimer</GeneralTermType>
            <LicenseTextLink href="Ex1003"/>
        </GeneralTerm>
        <GeneralTerm>
            <GeneralTermType>onixPL:LimitationOfLiability</GeneralTermType>
            <LicenseTextLink href="Ex1004"/>
            <LicenseTextLink href="Ex1006"/>
            <LicenseTextLink href="Ex1007"/>
            <LicenseTextLink href="Ex1008"/>
        </GeneralTerm>
        <GeneralTerm>
            <GeneralTermType>onixPL:ClaimByThirdParty</GeneralTermType>
            <LicenseTextLink href="Ex1005"/>
        </GeneralTerm>
        <GeneralTerm>
            <GeneralTermType>onixPL:ForceMajeure</GeneralTermType>
            <LicenseTextLink href="Ex1101"/>
            <LicenseTextLink href="Ex1102"/>
        </GeneralTerm>
        <GeneralTerm>
            <GeneralTermType>onixPL:Assignment</GeneralTermType>
            <LicenseTextLink href="Ex1201"/>
        </GeneralTerm>
        <GeneralTerm>
            <GeneralTermType>onixPL:GoverningLaw</GeneralTermType>
            <LicenseTextLink href="Ex1301"/>
        </GeneralTerm>
        <GeneralTerm>
            <GeneralTermType>onixPL:Jurisdiction</GeneralTermType>
            <LicenseTextLink href="Ex1301"/>
        </GeneralTerm>
        <GeneralTerm>
            <GeneralTermType>onixPL:DisputeResolution</GeneralTermType>
            <LicenseTextLink href="Ex1302"/>
            <LicenseTextLink href="Ex1303"/>
            <LicenseTextLink href="Ex1304"/>
            <LicenseTextLink href="Ex1305"/>
        </GeneralTerm>
        <GeneralTerm>
            <GeneralTermType>onixPL:NoticeProcedure</GeneralTermType>
            <LicenseTextLink href="Ex140100"/>
            <LicenseTextLink href="Ex140101"/>
            <LicenseTextLink href="Ex140102"/>
            <GeneralTermRelatedPlace>
                <GeneralTermPlaceRelator>onixPL:AddressForNoticesToLicensor</GeneralTermPlaceRelator>
                <RelatedPlace>LicensorAddressForNotices</RelatedPlace>
            </GeneralTermRelatedPlace>
            <GeneralTermRelatedPlace>
                <GeneralTermPlaceRelator>onixPL:AddressForNoticesToLicensee</GeneralTermPlaceRelator>
                <RelatedPlace>LicenseeAddressForNotices</RelatedPlace>
            </GeneralTermRelatedPlace>
        </GeneralTerm>
        <GeneralTerm>
            <GeneralTermType>onixPL:EntireAgreement</GeneralTermType>
            <LicenseTextLink href="Ex1501"/>
        </GeneralTerm>
        <GeneralTerm>
            <GeneralTermType>onixPL:NonEnforceability</GeneralTermType>
            <LicenseTextLink href="Ex1503"/>
        </GeneralTerm>
        <GeneralTerm>
            <GeneralTermType>onixPL:NoWaiver</GeneralTermType>
            <LicenseTextLink href="Ex150401"/>
        </GeneralTerm>
    </GeneralTerms>
    <LicenseDocumentText>
        <DocumentLabel>License</DocumentLabel>
        <TextElement id="Ex0001">
            <SortNumber>0.1</SortNumber>
            <Text>THIS AGREEMENT is made 10th day of November 2011</Text>
        </TextElement>
        <TextElement id="Ex0002">
            <SortNumber>0.2</SortNumber>
            <Text>BETWEEN: [FULL LEGAL NAME OF INSTITUTION] having its registered office at [insert address] ("Licensee")</Text>
        </TextElement>
        <TextElement id="Ex0003">
            <SortNumber>0.3</SortNumber>
            <Text>AND	ANNUAL REVIEWS a company having registered number [insert registration number] and having its registered office at 4139 El Camino Way, Palo Alto, CA 94306 USAor a company whose principal place of business is at 4139 El Camino Way, Palo Alto, CA 94306 USA ("Publisher").</Text>
        </TextElement>
        <TextElement id="Ex0004">
            <SortNumber>0.4</SortNumber>
            <Text>BACKGROUND</Text>
        </TextElement>
        <TextElement id="Ex000401">
            <SortNumber>0.4.1</SortNumber>
            <Text>1. [insert brief product description].</Text>
        </TextElement>
        <TextElement id="Ex000402">
            <SortNumber>0.4.2</SortNumber>
            <Text>2. [insert product name] and all intellectual property rights therein are owned by or duly licensed to the Publisher.</Text>
        </TextElement>
        <TextElement id="Ex000403">
            <SortNumber>0.4.3</SortNumber>
            <Text>3. This Licence is based on the PA/JISC and the NESLI model licence for journals.</Text>
        </TextElement>
        <TextElement id="Ex000406">
            <SortNumber>0.4.4</SortNumber>
            <Text>4.  The terms of this Licence and the offer for [product] were negotiated and agreed under the [insert product name] agreement between the Publisher and JISC Collections dated 10th November 2011 as part of NESLi2, the electronic journals licensing initiative for UK higher and further education institutions and their users.</Text>
        </TextElement>
        <TextElement id="Ex0005">
            <SortNumber>0.5</SortNumber>
            <Text>IT IS AGREED AS FOLLOWS</Text>
        </TextElement>
        <TextElement id="Ex0100">
            <SortNumber>1.0</SortNumber>
            <DisplayNumber>1.</DisplayNumber>
            <Text>DEFINITIONS</Text>
        </TextElement>
        <TextElement id="Ex010100">
            <SortNumber>1.1.0</SortNumber>
            <DisplayNumber>1.1</DisplayNumber>
            <Text>In this Licence, the following terms shall have the following meanings:</Text>
        </TextElement>
        <TextElement id="Ex010101">
            <SortNumber>1.1.1</SortNumber>
            <Text>"Authorised User" means an individual who is authorised by the Institution to have access to its information services (whether on-site or off-site) via Secure Authentication and who is:

- a current student (including undergraduates and postgraduates);

- a member of staff (whether permanent or temporary including retired members of staff and any teacher who teaches Authorised Users registered in the United Kingdom); 

- a contractor of the Institution; or

- a Walk-In User.

Walk-In Users are persons who are allowed by the Institution to access its information services from computer terminals or otherwise within the physical premises of the Institution. For the avoidance of doubt, Walk-In Users may be given access to the Licensed Material by any wireless Secure Network. 
Walk-In Users are not allowed off-site access to the Licensed Material. 
</Text>
        </TextElement>
        <TextElement id="Ex010102">
            <SortNumber>1.1.2</SortNumber>
            <Text>"Commercial Use" means use for the purpose of monetary reward (whether by or for the Institution or an Authorised User) by means of the sale, resale, loan, transfer, hire or other form of exploitation of the Licensed Material. For the avoidance of doubt, neither recovery of direct cost by the Institution from Authorised Users, nor use by the Institution or Authorised Users of the Licensed Material in the course of research funded by a commercial organisation is deemed to constitute Commercial Use.</Text>
        </TextElement>
        <TextElement id="Ex010103">
            <SortNumber>1.1.3</SortNumber>
            <Text>"Educational Purposes" means use for the purpose of education, teaching, distance learning, private study and/or research.</Text>
        </TextElement>
        <TextElement id="Ex010104">
            <SortNumber>1.1.4</SortNumber>
            <Text>"Fee" means the fee as set out in Schedule 1. The fee will be in line with the Offer.</Text>
        </TextElement>
        <TextElement id="Ex010106">
            <SortNumber>1.1.5</SortNumber>
            <Text>"Licensed Material" means the material listed in Schedule 2.</Text>
        </TextElement>
        <TextElement id="d1e108d1e168920090324T200909.14Z">
            <SortNumber>1.1.6</SortNumber>
            <Text>"Offer" means the offer agreed between JISC Collections and the Publisher for [insert product name] within the framework of NESLI2 as set out in Annex 1.</Text>
        </TextElement>
        <TextElement id="d1e108d1e168920110930T091546.781Z">
            <SortNumber>1.1.7</SortNumber>
            <Text>"Secure Authentication" means access to the Licensed Material by UK Access Management Federation compliant technology, Internet Protocol (&#8220;IP&#8221;) ranges or by a username and password provided by the Institution or by another means of authentication agreed between the Publisher and the Institution.</Text>
        </TextElement>
        <TextElement id="d1e108d1e168920110930T091633.656Z">
            <SortNumber>1.1.8</SortNumber>
            <Text>"Secure Network"	 means a network which is only accessible to Authorised Users by Secure Authentication.</Text>
        </TextElement>
        <TextElement id="d1e108d1e168920110930T091749.921Z">
            <SortNumber>1.1.9</SortNumber>
            <Text>"Subscription Period" means the period from [insert date] until [insert date].</Text>
        </TextElement>
        <TextElement id="Ex0102">
            <SortNumber>1.2</SortNumber>
            <DisplayNumber>1.2</DisplayNumber>
            <Text>Headings in this Licence are for reference purposes only and shall not be deemed to be an indication of the meaning of the clause to which they relate.</Text>
        </TextElement>
        <TextElement id="Ex0103">
            <SortNumber>1.3</SortNumber>
            <DisplayNumber>1.3</DisplayNumber>
            <Text>Where the context so implies, words importing the singular number shall include the plural and vice versa and words importing the masculine shall include the feminine and vice versa.</Text>
        </TextElement>
        <TextElement id="Ex0200">
            <SortNumber>2.0</SortNumber>
            <DisplayNumber>2.</DisplayNumber>
            <Text>LICENCE GRANT</Text>
        </TextElement>
        <TextElement id="Ex0201">
            <SortNumber>2.1</SortNumber>
            <DisplayNumber>2.1</DisplayNumber>
            <Text>The Publisher hereby grants to the Institution, subject to and in accordance with the terms of this Licence, a non-exclusive non-transferable licence to access and use the Licensed Material and to allow Authorised Users to access and use the Licensed Material via Secure Authentication for Educational Purposes.  </Text>
        </TextElement>
        <TextElement id="Ex0202">
            <SortNumber>2.2</SortNumber>
            <DisplayNumber>2.2</DisplayNumber>
            <Text>In consideration for the Publisher&#8217;s licensing of the Licensed Material pursuant to Clause 2.1, the Institution undertakes to pay to the Publisher the Fee in accordance with the provisions of Schedule 1.</Text>
        </TextElement>
        <TextElement id="Ex0300">
            <SortNumber>3.0</SortNumber>
            <DisplayNumber>3.</DisplayNumber>
            <Text>PERMITTED USES</Text>
        </TextElement>
        <TextElement id="Ex030100">
            <SortNumber>3.1.0</SortNumber>
            <DisplayNumber>3.1</DisplayNumber>
            <Text>This Licence permits the Institution for Educational Purposes only to:</Text>
        </TextElement>
        <TextElement id="Ex030101">
            <SortNumber>3.1.1</SortNumber>
            <DisplayNumber>3.1.1</DisplayNumber>
            <TextPreceding>This Licence permits the Institution for Educational Purposes only to:</TextPreceding>
            <Text>provide Authorised Users with integrated access and an integrated article author, article title and keyword index to the Licensed Material and all other similar material licensed from other publishers;</Text>
        </TextElement>
        <TextElement id="Ex030102">
            <SortNumber>3.1.2</SortNumber>
            <DisplayNumber>3.1.2</DisplayNumber>
            <TextPreceding>This Licence permits the Institution for Educational Purposes only to:</TextPreceding>
            <Text>supply to another library in the United Kingdom (whether by post, fax or secure electronic transmission provided the electronic file is deleted immediately after printing) a single paper copy of an electronic original of an individual document;</Text>
        </TextElement>
        <TextElement id="Ex03010300">
            <SortNumber>3.1.3</SortNumber>
            <DisplayNumber>3.1.3</DisplayNumber>
            <TextPreceding>This Licence permits the Institution for Educational Purposes only to:</TextPreceding>
            <Text>provide single printed or electronic copies of single articles at the request of individual Authorised Users;</Text>
        </TextElement>
        <TextElement id="Ex03010301">
            <SortNumber>3.1.4</SortNumber>
            <DisplayNumber>3.1.4</DisplayNumber>
            <TextPreceding>This Licence permits the Institution for Educational Purposes only to:</TextPreceding>
            <Text>display, download and print parts of the Licensed Material for the purpose of promoting or testing the Licensed Material or for training Authorised Users;</Text>
        </TextElement>
        <TextElement id="Ex03010302">
            <SortNumber>3.1.5</SortNumber>
            <DisplayNumber>3.1.5</DisplayNumber>
            <TextPreceding>This Licence permits the Institution for Educational Purposes only to:</TextPreceding>
            <Text>make and distribute copies of training material as may be required for the purpose of using the Licensed Material in accordance with this Licence; </Text>
        </TextElement>
        <TextElement id="Ex03010303">
            <SortNumber>3.1.6.0</SortNumber>
            <DisplayNumber>3.1.6</DisplayNumber>
            <TextPreceding>This Licence permits the Institution for Educational Purposes only to:</TextPreceding>
            <Text>allow Authorised Users for Educational Purposes only to:</Text>
        </TextElement>
        <TextElement id="Ex03010304">
            <SortNumber>3.1.6.1</SortNumber>
            <DisplayNumber>3.1.6.1</DisplayNumber>
            <TextPreceding>This Licence permits the Institution for Educational Purposes only to allow Authorised Users for Educational Purposes only to:</TextPreceding>
            <Text>access the Licensed Material by Secure Authentication in order to search,  retrieve, display and view the Licensed Material;</Text>
        </TextElement>
        <TextElement id="Ex03010305">
            <SortNumber>3.1.6.2</SortNumber>
            <DisplayNumber>3.1.6.2</DisplayNumber>
            <TextPreceding>This Licence permits the Institution for Educational Purposes only to allow Authorised Users for Educational Purposes only to:</TextPreceding>
            <Text>electronically save parts of the Licensed Material;</Text>
        </TextElement>
        <TextElement id="Ex03010306">
            <SortNumber>3.1.6.3</SortNumber>
            <DisplayNumber>3.1.6.3</DisplayNumber>
            <TextPreceding>This Licence permits the Institution for Educational Purposes only to allow Authorised Users for Educational Purposes only to:</TextPreceding>
            <Text>print out single copies of parts of the Licensed Material;</Text>
        </TextElement>
        <TextElement id="Ex03010307">
            <SortNumber>3.1.6.4</SortNumber>
            <DisplayNumber>3.1.6.4</DisplayNumber>
            <TextPreceding>This Licence permits the Institution for Educational Purposes only to allow Authorised Users for Educational Purposes only to:</TextPreceding>
            <Text>incorporate parts of the Licensed Material in electronic course packs to be used in the course of instruction and/or in virtual learning environments hosted on a Secure Network. Authorised Users must specify the title and copyright owner of the Licensed Material used in the course packs. Course packs in other formats, such as Braille, may also be offered to Authorised Users;</Text>
        </TextElement>
        <TextElement id="Ex03010308">
            <SortNumber>3.1.6.5</SortNumber>
            <DisplayNumber>3.1.6.5</DisplayNumber>
            <TextPreceding>This Licence permits the Institution for Educational Purposes only to allow Authorised Users for Educational Purposes only to:</TextPreceding>
            <Text>incorporate parts of the Licensed Material in electronic form in assignments and portfolios, theses and in dissertations (&#8220;the Academic Works&#8221;), and to make reproductions of the Academic Works for personal use and library deposit.  Reproductions of the Academic Works can be provided to sponsors of those Academic Works.  Authorised Users must specify the title and copyright owner of the Licensed Material used in the Academic Works.</Text>
        </TextElement>
        <TextElement id="Ex03010309">
            <SortNumber>3.1.6.6</SortNumber>
            <DisplayNumber>3.1.6.6</DisplayNumber>
            <TextPreceding>This Licence permits the Institution for Educational Purposes only to allow Authorised Users for Educational Purposes only to:</TextPreceding>
            <Text>publicly display or publicly perform parts of the Licensed Material as part of a presentation at a seminar, conference, or workshop, or other similar event; </Text>
        </TextElement>
        <TextElement id="Ex03010310">
            <SortNumber>3.1.6.7</SortNumber>
            <DisplayNumber>3.1.6.7</DisplayNumber>
            <TextPreceding>This Licence permits the Institution for Educational Purposes only to allow Authorised Users for Educational Purposes only to:</TextPreceding>
            <Text>save and/or deposit in perpetuity parts of (but not entire articles) the Licensed Material in electronic repositories operated by the Licensee and/or by an Authorised User on a Secure Network. Access to and use of such repositories shall be limited to Authorised Users;</Text>
        </TextElement>
        <TextElement id="Ex03010311">
            <SortNumber>3.1.6.8</SortNumber>
            <DisplayNumber>3.1.6.8</DisplayNumber>
            <TextPreceding>This Licence permits the Institution for Educational Purposes only to allow Authorised Users for Educational Purposes only to:</TextPreceding>
            <Text>use the Licensed Material to perform and engage in text mining/data mining activities for academic research and other Educational Purposes for non-commercial gain, provided that such use is further within reasonable limits and not excessive. In any event should such activities cause the performance of the Licensor&#8217;s server to be adversely affected the Licensor shall be entitled to block such activities without notice. The Licensee further agrees to use best efforts to ensure that any content downloaded for textmining/datamining shall be destroyed after processing by the indexing application, and in any event within 12 months from the date of download, and without the prior written consent of the Licensor subsequent access to the Licensed Material in question must be via the Licensor&#8217;s platform.</Text>
        </TextElement>
        <TextElement id="Ex0302">
            <SortNumber>3.2</SortNumber>
            <DisplayNumber>3.2</DisplayNumber>
            <Text>This Licence shall be deemed to complement and extend the rights of the Institution and Authorised Users under the Copyright, Designs and Patents Act 1988 and the Copyright (Visually Impaired Persons) Act 2002 and nothing in this Licence shall constitute a waiver of any statutory rights held by the Institution and Authorised Users from time to time under these Acts or any amending legislation.</Text>
        </TextElement>
        <TextElement id="Ex0400">
            <SortNumber>4.0</SortNumber>
            <DisplayNumber>4.</DisplayNumber>
            <Text>RESTRICTIONS</Text>
        </TextElement>
        <TextElement id="Ex040100">
            <SortNumber>4.1.0</SortNumber>
            <DisplayNumber>4.1</DisplayNumber>
            <Text>Except where this Licence states otherwise, the Institution and Authorised Users may not:</Text>
        </TextElement>
        <TextElement id="Ex040101">
            <SortNumber>4.1.1</SortNumber>
            <DisplayNumber>4.1.1</DisplayNumber>
            <TextPreceding>Except where this Licence states otherwise, the Institution and Authorised Users may not:</TextPreceding>
            <Text>sell or resell the Licensed Material unless the Publisher has given the Institution or an Authorised User permission in writing to do so;</Text>
        </TextElement>
        <TextElement id="Ex040102">
            <SortNumber>4.1.2</SortNumber>
            <DisplayNumber>4.1.2</DisplayNumber>
            <TextPreceding>Except where this Licence states otherwise, the Institution and Authorised Users may not:</TextPreceding>
            <Text>remove, obscure or alter copyright notices, acknowledgements or other means of identification or disclaimers;</Text>
        </TextElement>
        <TextElement id="Ex040103">
            <SortNumber>4.1.3</SortNumber>
            <DisplayNumber>4.1.3</DisplayNumber>
            <TextPreceding>Except where this Licence states otherwise, the Institution and Authorised Users may not:</TextPreceding>
            <Text>alter or adapt the Licensed Material, except to the extent necessary to make it perceptible on a computer screen, or as otherwise allowed under this Licence.  For the avoidance of doubt, no alteration of the words or their order is allowed;</Text>
        </TextElement>
        <TextElement id="Ex040104">
            <SortNumber>4.1.4</SortNumber>
            <DisplayNumber>4.1.4</DisplayNumber>
            <TextPreceding>Except where this Licence states otherwise, the Institution and Authorised Users may not:</TextPreceding>
            <Text>display or distribute any part of the Licensed Material on any electronic network, including the internet other than by a Secure Network; </Text>
        </TextElement>
        <TextElement id="Ex040105">
            <SortNumber>4.1.5</SortNumber>
            <DisplayNumber>4.1.5</DisplayNumber>
            <TextPreceding>Except where this Licence states otherwise, the Institution and Authorised Users may not:</TextPreceding>
            <Text>use all or any part of the Licensed Material for any Commercial Use or for any purpose other than Educational Purposes; and</Text>
        </TextElement>
        <TextElement id="d1e108d1e168920110930T095833.531Z">
            <SortNumber>4.1.6</SortNumber>
            <DisplayNumber>4.1.6</DisplayNumber>
            <TextPreceding>Except where this Licence states otherwise, the Institution and Authorised Users may not:</TextPreceding>
            <Text>provide access and/or allow use of the Licensed Material by anyone other than Authorised Users.</Text>
        </TextElement>
        <TextElement id="Ex0402">
            <SortNumber>4.2</SortNumber>
            <DisplayNumber>4.2</DisplayNumber>
            <Text>This Clause will continue to apply after termination of this Licence for any reason.</Text>
        </TextElement>
        <TextElement id="Ex0500">
            <SortNumber>5.0</SortNumber>
            <DisplayNumber>5.</DisplayNumber>
            <Text>RESPONSIBILITIES OF THE PUBLISHER</Text>
        </TextElement>
        <TextElement id="Ex050100">
            <SortNumber>5.1.0</SortNumber>
            <DisplayNumber>5.1</DisplayNumber>
            <Text>The Publisher agrees to:</Text>
        </TextElement>
        <TextElement id="Ex050101">
            <SortNumber>5.1.1</SortNumber>
            <DisplayNumber>5.1.1</DisplayNumber>
            <TextPreceding>The Publisher agrees to:</TextPreceding>
            <Text>make the Licensed Material available to the Institution and Authorised Users from the start of the Subscription Period;</Text>
        </TextElement>
        <TextElement id="Ex050102">
            <SortNumber>5.1.2</SortNumber>
            <DisplayNumber>5.1.2</DisplayNumber>
            <TextPreceding>The Publisher agrees to:</TextPreceding>
            <Text>use all reasonable efforts to make the Licensed Material available to the Institution and Authorised Users 24 hours a day (except when routine maintenance is carried out), and to restore access to the Licensed Material as soon as possible after any interruption or suspension of the service;</Text>
        </TextElement>
        <TextElement id="Ex050103">
            <SortNumber>5.1.3</SortNumber>
            <DisplayNumber>5.1.3</DisplayNumber>
            <TextPreceding>The Publisher agrees to:</TextPreceding>
            <Text>provide  customer support services to Authorised Users by e-mail or over the phone. This includes answering e-mail queries about the use, functionality and content of the Licensed Material within 24 hours of request being received between 7am Monday to 4 pm Friday, Pacifc Daylight Time;</Text>
        </TextElement>
        <TextElement id="Ex050104">
            <SortNumber>5.1.4</SortNumber>
            <DisplayNumber>5.1.4</DisplayNumber>
            <TextPreceding>The Publisher agrees to:</TextPreceding>
            <Text>use all reasonable efforts to ensure that the relevant server or servers have adequate capacity and bandwidth to support the usage of the Institution; </Text>
        </TextElement>
        <TextElement id="Ex050105">
            <SortNumber>5.1.5</SortNumber>
            <DisplayNumber>5.1.5</DisplayNumber>
            <TextPreceding>The Publisher agrees to:</TextPreceding>
            <Text>provide electronic product documentation to the Institution free of charge. The Publisher will allow copies of all documentation to be made and distributed by the Institution to Authorised Users provided it is either duplicated in full, or a proper ownership acknowledgement is included; </Text>
        </TextElement>
        <TextElement id="Ex050106">
            <SortNumber>5.1.6</SortNumber>
            <DisplayNumber>5.1.6</DisplayNumber>
            <TextPreceding>The Publisher agrees to:</TextPreceding>
            <Text>implement the industry standards as set out in Schedule 3; and</Text>
        </TextElement>
        <TextElement id="Ex050107">
            <SortNumber>5.1.7</SortNumber>
            <DisplayNumber>5.1.7</DisplayNumber>
            <TextPreceding>The Publisher agrees to:</TextPreceding>
            <Text>allow the Journals Usage Statistics Portal (http://www.jusp.mimas.ac.uk/about.html) to collect usage statistics on behalf of the Institution and display them to the Institution via the Journals Usage Statistics Portal.</Text>
        </TextElement>
        <TextElement id="Ex0502">
            <SortNumber>5.2</SortNumber>
            <DisplayNumber>5.2</DisplayNumber>
            <Text>The Publisher reserves the right at any time to withdraw from the Licensed Material any item or part of an item:

- for which the Publisher no longer retains the right to publish and for which the Publisher has been unable to secure the provisions as set out in Clauses 8.7 and 8.8; or 

- for which the Publisher has reasonable grounds to believe it infringes copyright or is defamatory, obscene, unlawful or otherwise objectionable. 

In the event of a withdrawal, the Publisher shall give written notice thereof to the Institution. If the withdrawn material represents more than ten per cent (10%) of the Licensed Material, the Publisher shall make a pro rata refund of the Fee to the Institution. The refund will take into account the amount of material withdrawn and the length of the Subscription Period remaining.
</Text>
        </TextElement>
        <TextElement id="Ex0600">
            <SortNumber>6.0</SortNumber>
            <DisplayNumber>6.</DisplayNumber>
            <Text>RESPONSIBILITIES OF INSTITUTION</Text>
        </TextElement>
        <TextElement id="Ex060100">
            <SortNumber>6.1.0</SortNumber>
            <DisplayNumber>6.1</DisplayNumber>
            <Text>The Institution agrees to:</Text>
        </TextElement>
        <TextElement id="Ex060101">
            <SortNumber>6.1.1</SortNumber>
            <DisplayNumber>6.1.1</DisplayNumber>
            <TextPreceding>The Institution agrees to:</TextPreceding>
            <Text>give passwords or other access information only to Authorised Users and use all reasonable efforts to ensure that Authorised Users do not give their passwords or other access information to anyone else;</Text>
        </TextElement>
        <TextElement id="Ex060102">
            <SortNumber>6.1.2</SortNumber>
            <DisplayNumber>6.1.2</DisplayNumber>
            <TextPreceding>The Institution agrees to:</TextPreceding>
            <Text>provide lists of valid IP addresses to the Publisher and update those lists regularly as agreed by the parties from time to time;</Text>
        </TextElement>
        <TextElement id="Ex060103">
            <SortNumber>6.1.3</SortNumber>
            <DisplayNumber>6.1.3</DisplayNumber>
            <TextPreceding>The Institution agrees to:</TextPreceding>
            <Text>use all reasonable efforts to ensure that only Authorised Users are permitted access to the Licensed Material;</Text>
        </TextElement>
        <TextElement id="Ex060104">
            <SortNumber>6.1.4</SortNumber>
            <DisplayNumber>6.1.4</DisplayNumber>
            <TextPreceding>The Institution agrees to:</TextPreceding>
            <Text>use all reasonable efforts to ensure that all Authorised Users are made aware of and undertake to abide by the terms of this Licence; and</Text>
        </TextElement>
        <TextElement id="Ex060105">
            <SortNumber>6.1.5</SortNumber>
            <DisplayNumber>6.1.5</DisplayNumber>
            <TextPreceding>The Institution agrees to:</TextPreceding>
            <Text>use all reasonable efforts to monitor compliance with the terms of this Licence and notify the Publisher immediately and provide full particulars on becoming aware of any of the following: 

(a) any unauthorised access to or use of the Licensed Material or unauthorised use of any of Institution's password(s); or 

(b) any breach by an Authorised User of the terms of this Licence. 

As soon as the Institution is aware of any breach of the terms of this Licence, the Institution further agrees promptly to fully investigate and initiate disciplinary procedures in accordance with the Institution's standard practice and use all reasonable effort to ensure that such activity ceases and to prevent any recurrence.
</Text>
        </TextElement>
        <TextElement id="Ex0602">
            <SortNumber>6.2</SortNumber>
            <DisplayNumber>6.2</DisplayNumber>
            <Text>The Institution undertakes to the Publisher that the computer system through which the Licensed Material will be used is configured, and procedures are in place, to prohibit access to the Licensed Material by any person other than an Authorised User, that it shall inform the Authorised Users about the conditions of use of the Licensed Material, and that during the term of this Licence, the Institutions will make best efforts to bar non-permitted access and to convey appropriate use information to its Authorised Users.</Text>
        </TextElement>
        <TextElement id="Ex0700">
            <SortNumber>7.0</SortNumber>
            <DisplayNumber>7.</DisplayNumber>
            <Text>FEE</Text>
        </TextElement>
        <TextElement id="Ex0701">
            <SortNumber>7.1</SortNumber>
            <DisplayNumber>7.1</DisplayNumber>
            <Text>The licensee will make payment of the Fee due based on a Request for Payment by JISC Collections. </Text>
        </TextElement>
        <TextElement id="Ex0702">
            <SortNumber>7.2</SortNumber>
            <DisplayNumber>7.2</DisplayNumber>
            <Text>The terms of payment will be set out in the Request for Payment sent to each Licensee.</Text>
        </TextElement>
        <TextElement id="d1e108d1e168920120124T141539.501Z">
            <SortNumber>7.3</SortNumber>
            <DisplayNumber>7.3</DisplayNumber>
            <Text>The terms of payment will be set out in the Request for Payment sent to each Licensee.</Text>
        </TextElement>
        <TextElement id="Ex0800">
            <SortNumber>8.0</SortNumber>
            <DisplayNumber>8.</DisplayNumber>
            <Text>TERM AND TERMINATION</Text>
        </TextElement>
        <TextElement id="Ex0801">
            <SortNumber>8.1</SortNumber>
            <DisplayNumber>8.1</DisplayNumber>
            <Text>This Licence will start at the beginning of the Subscription Period and, unless terminated earlier as provided for in this Clause 8, will remain in full force and effect until the end of the Subscription Period.  </Text>
        </TextElement>
        <TextElement id="d1e108d1e168920100423T140402.938Z">
            <SortNumber>8.2</SortNumber>
            <DisplayNumber>8.2</DisplayNumber>
            <Text>In the event that the Institution wishes to terminate this Licence after the first twelve months of the term of this Licence, the Institution should notify the Publisher three months prior to the first anniversary date of this Licence. The same applies for terminations for subsequent years. Any such termination will become effective on 1st January of the relevant year.</Text>
        </TextElement>
        <TextElement id="Ex0802">
            <SortNumber>8.3</SortNumber>
            <DisplayNumber>8.3</DisplayNumber>
            <Text>Any party may terminate this Licence at any time on the material breach or repeated other breaches by the other of any obligation on its part under this Licence by serving a written notice on the other identifying the nature of the breach. The termination will become effective thirty days after receipt of the written notice unless during the relevant period of thirty (30) days the defaulting party remedies the breach forthwith by written notice to the other party.</Text>
        </TextElement>
        <TextElement id="Ex0803">
            <SortNumber>8.4</SortNumber>
            <DisplayNumber>8.4</DisplayNumber>
            <Text>Upon termination of this Licence by the Publisher due to a material breach or repeated other breaches by the Institution, the Publisher shall cease to authorise on-line access to the Licensed Material by the Institution and Authorised Users.   </Text>
        </TextElement>
        <TextElement id="Ex0804">
            <SortNumber>8.5</SortNumber>
            <DisplayNumber>8.5</DisplayNumber>
            <Text>In the case of termination of this Licence (except for a material breach by the Institution of its obligations under this Licence), the Publisher will provide (at the option of the Institution) the Institution and its Authorised Users with continuous access to and use of the full text of the Licensed Material which was published and paid for during the term of this Licence and preceding Licences (where applicable) between the Publisher and the Institution, without charge, either by one or more of the following options:
	i) continuing online access to archival copies of the same Licensed Material on the Publisher's server; 
	
	ii) granting access to the same Licensed Material through one of the e-journals archiving solutions as listed in Schedule 5 (1).
	For the avoidance of doubt access and use of archival copies shall be subject to the terms and conditions as set out in Clauses 3 and 4 of this Licence.
</Text>
        </TextElement>
        <TextElement id="Ex0805">
            <SortNumber>8.6</SortNumber>
            <DisplayNumber>8.6</DisplayNumber>
            <Text>The Institution is permitted to:

&#8226;	communicate, make available and provide access to such archival copies via a Secure Network to Authorised Users in accordance with the terms of this Licence; 

</Text>
        </TextElement>
        <TextElement id="Ex0806">
            <SortNumber>8.7</SortNumber>
            <DisplayNumber>8.7</DisplayNumber>
            <Text>In the event that ownership of a part or parts of the Licensed Material is sold by the Publisher or otherwise transferred to another publisher, the Publisher will use all reasonable efforts to retain a non-exclusive copy of the volumes published during the Subscription Period and make them available without charge to the Institution: 

(1)	through the Publisher&#8217;s server; or

(2)	by supplying such material without charge to the Institution in accordance with the procedure described in Clause 8.5.
</Text>
        </TextElement>
        <TextElement id="Ex0807">
            <SortNumber>8.8</SortNumber>
            <DisplayNumber>8.8</DisplayNumber>
            <Text>In the event that the Publisher ceases to publish a part or parts of the Licensed Material (including back issues of a title as part of the Licensed Material), the Publisher will:

- maintain a digital archive of such Licensed Material; 

- will make the digital archive available to the Institution without charge through the Publisher&#8217;s server, via a third party server (including e-journals archiving initiatives as listed in Schedule 3 (2)) or by supplying the digital archive to the Institution without charge in accordance with the procedure described in Clause 8.5.
</Text>
        </TextElement>
        <TextElement id="Ex0809">
            <SortNumber>8.9</SortNumber>
            <DisplayNumber>8.9</DisplayNumber>
            <Text>On termination of this Licence by the Institution due to a material breach or repeated other breaches by the Publisher, the Publisher will reimburse the Institution a pro rata proportion of the then remaining Fee for the unexpired part of the Subscription Period. The Publisher shall not be obligated to return any portion of the Fee for termination by the Publisher due to the Institution&#8217;s breach pursuant to Clause 8.3.</Text>
        </TextElement>
        <TextElement id="Ex0900">
            <SortNumber>9.0</SortNumber>
            <DisplayNumber>9.</DisplayNumber>
            <Text>ACKNOWLEDGEMENT AND PROTECTION OF INTELLECTUAL PROPERTY RIGHTS</Text>
        </TextElement>
        <TextElement id="Ex0901">
            <SortNumber>9.1</SortNumber>
            <DisplayNumber>9.1</DisplayNumber>
            <Text>The Institution acknowledges that all Intellectual Property Rights in the Licensed Material are the property of the Publisher or duly licensed to the Publisher and that this Licence does not assign or transfer to the Institution any right, title or interest therein except for the right to access and use the Licensed Material in accordance with the terms and conditions of this Licence.  </Text>
        </TextElement>
        <TextElement id="Ex1000">
            <SortNumber>10.0</SortNumber>
            <DisplayNumber>10.</DisplayNumber>
            <Text>REPRESENTATION, WARRANTIES AND INDEMNIFICATION</Text>
        </TextElement>
        <TextElement id="Ex1001">
            <SortNumber>10.1</SortNumber>
            <DisplayNumber>10.1</DisplayNumber>
            <Text>The Publisher warrants to the Institution that the Licensed Material and all Intellectual Property Rights therein are owned by or licensed to the Publisher and that the Licensed Material used as contemplated in this Licence does not infringe any Intellectual Property Rights of any natural or legal person.  The Publisher agrees that the Institution shall have no liability and the Publisher will indemnify, defend and hold the Institution harmless against any and all damages, liabilities, claims, causes of action, legal fees and costs incurred by the Institution in defending against any third party claim of Intellectual Property Rights infringements or threats of claims thereof with respect of the Institution's or Authorised Users use of the Licensed Material, provided that: 
(1) the use of the Licensed Material has been in full compliance with the terms and conditions of this Licence; 
(2) the Institution provides the Publisher with prompt notice of any such claim or threat of claim; 	
(3) the Institution co-operates fully with the Publisher in the defence or settlement of such claim; and 
(4) the Publisher has sole and complete control over the defence or settlement of such claim.
</Text>
        </TextElement>
        <TextElement id="Ex1002">
            <SortNumber>10.2</SortNumber>
            <DisplayNumber>10.2</DisplayNumber>
            <Text>The Publisher reserves the right to change the content (including removal of an entire journal on ceasing to have the right to publish), presentation, user facilities or availability of parts of the Licensed Material and to make changes in any software used to make the Licensed Material available at their sole discretion.  The Publisher will notify the Institution of any substantial change to the Licensed Material.</Text>
        </TextElement>
        <TextElement id="Ex1003">
            <SortNumber>10.3</SortNumber>
            <DisplayNumber>10.3</DisplayNumber>
            <Text>While the Publisher has no reason to believe that there are any inaccuracies or defects in the information contained in the Licensed Material, the Publisher makes no representation and gives no warranty express or implied with regard to the information contained in or any part of the Licensed Material including (without limitation) the fitness of such information or part for any purposes whatsoever and the Publisher accepts no liability for loss suffered or incurred by the Institution or Authorised Users as a result of their reliance on the Licensed Material. </Text>
        </TextElement>
        <TextElement id="Ex1004">
            <SortNumber>10.4</SortNumber>
            <DisplayNumber>10.4</DisplayNumber>
            <Text>In no circumstances will the Publisher be liable to the Institution for any loss resulting from a cause over which the Publisher does not have direct control, including but not limited to failure of electronic or mechanical equipment or communication lines, telephone or other interconnect problems, unauthorised access, theft, or operator errors.</Text>
        </TextElement>
        <TextElement id="Ex1005">
            <SortNumber>10.5</SortNumber>
            <DisplayNumber>10.5</DisplayNumber>
            <Text>The Institution agrees to notify the Publisher immediately, provide full particulars in the event that it becomes aware of any actual or threatened claims by any third party in connection with any works contained in the Licensed Material and do all things reasonably required to assist the Publisher in such claims.  It is expressly agreed that upon such notification, or if the Publisher becomes aware of such a claim from other sources, the Publisher may remove such work(s) from the Licensed Material. Failure to report knowledge of any actual or threatened claim by any third party shall be deemed a material breach of this Licence.</Text>
        </TextElement>
        <TextElement id="Ex1006">
            <SortNumber>10.6</SortNumber>
            <DisplayNumber>10.6</DisplayNumber>
            <Text>Nothing in this Licence shall make the Institution liable for breach of the terms of this Licence by any Authorised User provided that the Institution did not cause, knowingly assist or condone the continuation of such breach after becoming aware of an actual breach having occurred.</Text>
        </TextElement>
        <TextElement id="Ex1007">
            <SortNumber>10.7</SortNumber>
            <DisplayNumber>10.7</DisplayNumber>
            <Text>Except as provided for in Clause 10.1, neither the Institution nor the Publisher will be liable to the other in contract or negligence or otherwise for:
(i) any special, indirect, incidental, punitive or consequential damages;
(ii) loss of direct or indirect profits, business, contracts, revenue or anticipated savings; or 
(iii) for any increased costs or expenses. 
</Text>
        </TextElement>
        <TextElement id="Ex1008">
            <SortNumber>10.8</SortNumber>
            <DisplayNumber>10.8</DisplayNumber>
            <Text>No party limits its liability for:

(i) death or personal injury to the extent it results from its negligence, or of its employees or agents in the course of their engagement; and 

(ii) its own fraud or that of its employees or agents in the course of their engagement.</Text>
        </TextElement>
        <TextElement id="Ex1100">
            <SortNumber>11.0</SortNumber>
            <DisplayNumber>11.</DisplayNumber>
            <Text>FORCE MAJEURE</Text>
        </TextElement>
        <TextElement id="Ex1101">
            <SortNumber>11.1</SortNumber>
            <DisplayNumber>11.1</DisplayNumber>
            <Text>Either party&#8217;s failure to perform any term or condition of this Licence as result of circumstances beyond the control of the relevant party (including without limitation, war, strikes, flood, governmental restrictions, and power, telecommunications or Internet failures or damages to or destruction of any network facilities ["Force Majeure"] shall not be deemed to be, or to give rise to, a breach of this Licence.</Text>
        </TextElement>
        <TextElement id="Ex1102">
            <SortNumber>11.2</SortNumber>
            <DisplayNumber>11.2</DisplayNumber>
            <Text>If either party to this Licence is prevented or delayed in the performance of any of its obligations under this Licence by Force Majeure and if such party gives written notice thereof to the other party specifying the matters constituting Force Majeure together with such evidence as it reasonably can give and specifying the period for which it is estimated that such prevention or delay will continue, then the party in question shall be excused the performance or the punctual performance as the case may be as from the date of such notice for so long as such cause of prevention or delay shall continue.</Text>
        </TextElement>
        <TextElement id="Ex1200">
            <SortNumber>12.0</SortNumber>
            <DisplayNumber>12.</DisplayNumber>
            <Text>ASSIGNMENT</Text>
        </TextElement>
        <TextElement id="Ex1201">
            <SortNumber>12.1</SortNumber>
            <DisplayNumber>12.1</DisplayNumber>
            <Text>Except as permitted for under this Licence, neither this Licence nor any of the rights and obligations under it may be assigned by either party without obtaining the prior written consent of the other party, such consent shall not unreasonably be withheld or delayed. In any permitted assignment, the assignor shall procure and ensure that the assignee shall assume all rights and obligations of the assignor under this Licence and agrees to be bound to all the terms of this Licence. </Text>
        </TextElement>
        <TextElement id="Ex1300">
            <SortNumber>13.0</SortNumber>
            <DisplayNumber>13.</DisplayNumber>
            <Text>GOVERNING LAW AND DISPUTE RESOLUTION</Text>
        </TextElement>
        <TextElement id="Ex1301">
            <SortNumber>13.1</SortNumber>
            <DisplayNumber>13.1</DisplayNumber>
            <Text>This Licence shall be governed by and construed in accordance with English law and the parties irrevocably agree that any dispute arising out of or in connection with this Licence will be subject to and within the jurisdiction of the English courts.</Text>
        </TextElement>
        <TextElement id="Ex1302">
            <SortNumber>13.2</SortNumber>
            <DisplayNumber>13.2</DisplayNumber>
            <Text>The parties agree to use best efforts to resolve disputes in an informal manner, by decision of the Managing Director of the Publisher and the current Vice Chancellor of the Institution. Where the parties agree that a dispute arising out or in connection with this Licence would best be resolved by the decision of an expert, they will agree upon the nature of the expert required and together appoint a suitable expert by agreement.</Text>
        </TextElement>
        <TextElement id="Ex1303">
            <SortNumber>13.3</SortNumber>
            <DisplayNumber>13.3</DisplayNumber>
            <Text>Any person to whom a reference is made under Clause 13.2 shall act as expert and not as an arbitrator and his decision (which shall be given by him in writing and shall state the reasons for his decision) shall be final and binding on the parties except in the case of manifest error or fraud.</Text>
        </TextElement>
        <TextElement id="Ex1304">
            <SortNumber>13.4</SortNumber>
            <DisplayNumber>13.4</DisplayNumber>
            <Text>Each party shall provide the expert with such information and documentation as he may reasonably require for the purposes of his decision.</Text>
        </TextElement>
        <TextElement id="Ex1305">
            <SortNumber>13.5</SortNumber>
            <DisplayNumber>13.5</DisplayNumber>
            <Text>The costs of the expert shall be borne by the parties in such proportions as the expert may determine to be fair and reasonable in all circumstances or, if no determination is made by the expert, by the parties in equal proportions.</Text>
        </TextElement>
        <TextElement id="Ex1400">
            <SortNumber>14.0</SortNumber>
            <DisplayNumber>14.</DisplayNumber>
            <Text>NOTICES</Text>
        </TextElement>
        <TextElement id="Ex140100">
            <SortNumber>14.1.0</SortNumber>
            <DisplayNumber>14.1</DisplayNumber>
            <Text>All notices required to be given under this Licence shall be given in writing in English and sent by courier, or special delivery to the relevant addressee at its address set out below, or to such other address as may be notified by either party to the other from time to time under this Licence, and all such notices shall be deemed to have been received three (3) days after the date of posting in the case of special delivery or despatch in the case of courier:</Text>
        </TextElement>
        <TextElement id="Ex140101">
            <SortNumber>14.1.1</SortNumber>
            <Text>if to the Institution: [insert details]</Text>
        </TextElement>
        <TextElement id="Ex140102">
            <SortNumber>14.1.2</SortNumber>
            <Text>if to the Publisher: Andrea Lopez, Annual Reviews, 4139 El Camino Way, Palo Alto CA 94306 USA
</Text>
        </TextElement>
        <TextElement id="Ex1500">
            <SortNumber>15.0</SortNumber>
            <DisplayNumber>15.</DisplayNumber>
            <Text>GENERAL</Text>
        </TextElement>
        <TextElement id="Ex1501">
            <SortNumber>15.1</SortNumber>
            <DisplayNumber>15.1</DisplayNumber>
            <Text>This Licence and its Schedules and Annex constitute the entire agreement between the parties relating to the Licensed Material and supersede all prior communications, understandings and agreements (whether written or oral) relating to its subject matter and may not be amended or modified except by agreement of both parties in writing.</Text>
        </TextElement>
        <TextElement id="Ex1502">
            <SortNumber>15.2</SortNumber>
            <DisplayNumber>15.2</DisplayNumber>
            <Text>The Schedules and Annex shall have the same force and effect as if expressly set in the body of this Licence and any reference to this Licence shall include the Schedules and Annex.</Text>
        </TextElement>
        <TextElement id="Ex1503">
            <SortNumber>15.3</SortNumber>
            <DisplayNumber>15.3</DisplayNumber>
            <Text>The invalidity or unenforceability of any provision of this Licence shall not affect the continuation in force of the remainder of this Licence.</Text>
        </TextElement>
        <TextElement id="Ex150401">
            <SortNumber>15.4</SortNumber>
            <DisplayNumber>15.4</DisplayNumber>
            <Text>The rights of the parties arising under this Licence shall not be waived except in writing. Any waiver of any of a party's rights under this Licence or of any breach of this Licence by the other party shall not be construed as a waiver of any other rights or of any other or further breach. Failure by either party to exercise or enforce any rights conferred upon it by this Licence shall not be deemed to be a waiver of any such rights or operate so as to bar the exercise or enforcement thereof at any subsequent time or times.</Text>
        </TextElement>
    </LicenseDocumentText>
    <LicenseDocumentText>
        <DocumentLabel>Schedule3</DocumentLabel>
        <TextElement id="d1e108d1e168920111122T120243.893Z">
            <SortNumber>0.</SortNumber>
            <Text>SCHEDULE 3: INDUSTRY STANDARDS</Text>
        </TextElement>
        <TextElement id="d1e108d1e1689.2">
            <SortNumber>1.</SortNumber>
            <DisplayNumber>1.</DisplayNumber>
            <Text>In order that the Authorised Institutions can fully assess the use and therefore value of the Licensed Material the Publisher will:</Text>
        </TextElement>
        <TextElement id="d1e108d1e168920111122T115233.719Z">
            <SortNumber>1.1</SortNumber>
            <TextPreceding>In order that the Authorised Institutions can fully assess the use and therefore value of the Licensed Material the Publisher will:</TextPreceding>
            <Text>Provide the Authorised Institutions with fully COUNTER-compliant usage statistics every three months (www.project counter.org)</Text>
        </TextElement>
        <TextElement id="d1e108d1e168920111122T115319.442Z">
            <SortNumber>1.2</SortNumber>
            <TextPreceding>In order that the Authorised Institutions can fully assess the use and therefore value of the Licensed Material the Publisher will:</TextPreceding>
            <Text>Implement the Standardized Usage Statistics Harvesting Initiative (SUSHI) protocol (http://www.niso.org/workrooms/sushi).</Text>
        </TextElement>
        <TextElement id="d1e108d1e168920111122T115416.554Z">
            <SortNumber>2.</SortNumber>
            <DisplayNumber>2.</DisplayNumber>
            <Text>In order to ensure that the Licensed Material is archived and preserved for future scholarship, the Publisher will archive the Licensed Material in at least one of the following archiving solutions Portico, Clockss or Lockss and inform the Authorised Institutions in which of the archiving solutions the Licensed Material may be found.
Publisher will continue to allow LOCKSS archiving for NESLi2 members, and Annual Reviews materials are available in Portico </Text>
        </TextElement>
        <TextElement id="d1e108d1e168920111122T115530.844Z">
            <SortNumber>3.</SortNumber>
            <DisplayNumber>3.</DisplayNumber>
            <Text>In order to ensure that the Licenced Material is accessible to all the Authorised Users of the Authorised Institution, the Publisher will make best efforts to meet the W3C standards (www.w3.org/WAI/Resources/#in)</Text>
        </TextElement>
        <TextElement id="d1e108d1e168920111122T115613.104Z">
            <SortNumber>4.</SortNumber>
            <DisplayNumber>4.</DisplayNumber>
            <Text>In order to ensure that Authorised Users can discover and find the Licensed Material, the Publishers will use all reasonable efforts to meet the Open URL Standard (www.niso.org/kst/reports/standards?step=2&amp;gid=&amp;project_key=d5320409c5160be4697dc046613f71b9a773cd9e).</Text>
        </TextElement>
        <TextElement id="d1e108d1e168920111122T115719.92Z">
            <SortNumber>5.</SortNumber>
            <DisplayNumber>5.</DisplayNumber>
            <Text>In order to ensure accurate, up to date representation of the Licensed Material and to ensure Authorised Users have ease of access the Publisher will:</Text>
        </TextElement>
        <TextElement id="d1e108d1e168920111122T115810.778Z">
            <SortNumber>5.1</SortNumber>
            <TextPreceding>In order to ensure accurate, up to date representation of the Licensed Material and to ensure Authorised Users have ease of access the Publisher will:</TextPreceding>
            <Text>use all reasonable efforts to give the link-resolver vendors and A-Z vendors the following information about each title in the licensed material on a monthly basis:

&#8226; Title
&#8226; ISSN or eISSN
&#8226; Previous title, if appropriate
&#8226; Previous ISSN or eISSN, if appropriate
&#8226; First volume and issue made available as part of the offer or, if volume and issue are not available, first year, final volume and issue or year and URL. (You can get information on the names of the link resolver companies from JISC Collections.)</Text>
        </TextElement>
        <TextElement id="d1e108d1e168920111122T115849.85Z">
            <SortNumber>5.2</SortNumber>
            <TextPreceding>In order to ensure accurate, up to date representation of the Licensed Material and to ensure Authorised Users have ease of access the Publisher will:</TextPreceding>
            <Text>provide the link-resolver vendors with the algorithm or syntax for constructing an article-level link from an article&#8217;s metadata within the Licensed Material.</Text>
        </TextElement>
        <TextElement id="d1e108d1e168920111122T120042.486Z">
            <SortNumber>6.</SortNumber>
            <DisplayNumber>6.</DisplayNumber>
            <Text>In order to ensure that journal content remains easily accessible by Institutions and their Authorised Users when there is a transfer of material between parties, and to ensure that the transfer process occurs with minimum disruption, the Publisher will use all reasonable efforts to keep to the Code of Practice of Project Transfer (www.projecttransfer.org) and the KBART 

publication_title - Publication title
print_identifier - Print-format identifier (i.e., ISSN, ISBN, etc.)
online_identifier - Online-format identifier (i.e., eISSN, eISBN, etc.)
date_first_issue_online - Date of first issue available online
num_first_vol_online - Number of first volume available online
num_first_issue_online - Number of first issue available online
date_last_issue_online - Date of last issue available online (or blank, if coverage is to present)
num_last_vol_online - Number of last volume available online (or blank, if coverage is to present)
num_last_issue_online - Number of last issue available online (or blank, if coverage is to present)
title_url - Title-level URL
first_author - First author (for monographs)
title_id - Title ID
embargo_info - Embargo information
coverage_depth - Coverage depth (e.g., abstracts or full text)
coverage_notes - Coverage notes
publisher_name - Publisher name (if not given in the file&#8217;s title)</Text>
        </TextElement>
    </LicenseDocumentText>
</PublicationsLicenseExpression>